account_id,customer_id,branch_id,account_type,account_status,created_at,load_run_id,source_system,processed_at
1001,21,50,Deposit,Active,2024-01-10,RUN_2026_09_20_01,POSTGRES_OLTP,2026-09-20 22:46:16
1002,13,50,Checking,Active,2024-01-10,RUN_2026_09_20_01,POSTGRES_OLTP,2026-09-20 22:46:16
1003,21,50,Savings,Active,2024-01-10,RUN_2026_09_20_01,POSTGRES_OLTP,2026-09-20 22:46:16
1004,18,30,Checking,Active,2024-01-10,RUN_2026_09_20_01,POSTGRES_OLTP,2026-09-20 22:46:16
1005,41,50,Deposit,Active,2024-01-10,RUN_2026_09_20_01,POSTGRES_OLTP,2026-09-20 22:46:16
1006,18,20,Deposit,Active,2024-01-10,RUN_2026_09_20_01,POSTGRES_OLTP,2026-09-20 22:46:16
1007,20,20,Deposit,Active,2024-01-10,RUN_2026_09_20_01,POSTGRES_OLTP,2026-09-20 22:46:16
1008,4,40,Deposit,Active,2024-01-10,RUN_2026_09_20_01,POSTGRES_OLTP,2026-09-20 22:46:16
1009,16,50,Deposit,Active,2024-01-10,RUN_2026_09_20_01,POSTGRES_OLTP,2026-09-20 22:46:16
1010,13,20,Deposit,Active,2024-01-10,RUN_2026_09_20_01,POSTGRES_OLTP,2026-09-20 22:46:16
1011,15,40,Savings,Active,2024-01-10,RUN_2026_09_20_01,POSTGRES_OLTP,2026-09-20 22:46:16
1012,45,20,Checking,Active,2024-01-10,RUN_2026_09_20_01,POSTGRES_OLTP,2026-09-20 22:46:16
1013,43,10,Savings,Active,2024-01-10,RUN_2026_09_20_01,POSTGRES_OLTP,2026-09-20 22:46:16
1014,44,20,Checking,Active,2024-01-10,RUN_2026_09_20_01,POSTGRES_OLTP,2026-09-20 22:46:16
1015,13,10,Deposit,Active,2024-01-10,RUN_2026_09_20_01,POSTGRES_OLTP,2026-09-20 22:46:16
1016,4,50,Deposit,Active,2024-01-10,RUN_2026_09_20_01,POSTGRES_OLTP,2026-09-20 22:46:16
1017,38,20,Savings,Active,2024-01-10,RUN_2026_09_20_01,POSTGRES_OLTP,2026-09-20 22:46:16
1018,18,20,Savings,Active,2024-01-10,RUN_2026_09_20_01,POSTGRES_OLTP,2026-09-20 22:46:16
1019,28,50,Checking,Active,2024-01-10,RUN_2026_09_20_01,POSTGRES_OLTP,2026-09-20 22:46:16
1020,26,10,Checking,Active,2024-01-10,RUN_2026_09_20_01,POSTGRES_OLTP,2026-09-20 22:46:16
1021,1,30,Savings,Active,2024-01-10,RUN_2026_09_20_01,POSTGRES_OLTP,2026-09-20 22:46:16
1022,36,20,Deposit,Active,2024-01-10,RUN_2026_09_20_01,POSTGRES_OLTP,2026-09-20 22:46:16
1023,24,10,Deposit,Active,2024-01-10,RUN_2026_09_20_01,POSTGRES_OLTP,2026-09-20 22:46:16
1024,19,20,Checking,Active,2024-01-10,RUN_2026_09_20_01,POSTGRES_OLTP,2026-09-20 22:46:16
1025,23,40,Deposit,Active,2024-01-10,RUN_2026_09_20_01,POSTGRES_OLTP,2026-09-20 22:46:16
1026,4,30,Deposit,Active,2024-01-10,RUN_2026_09_20_01,POSTGRES_OLTP,2026-09-20 22:46:16
1027,8,30,Checking,Active,2024-01-10,RUN_2026_09_20_01,POSTGRES_OLTP,2026-09-20 22:46:16
1028,29,40,Deposit,Active,2024-01-10,RUN_2026_09_20_01,POSTGRES_OLTP,2026-09-20 22:46:16
1029,35,10,Savings,Active,2024-01-10,RUN_2026_09_20_01,POSTGRES_OLTP,2026-09-20 22:46:16
1030,4,30,Checking,Active,2024-01-10,RUN_2026_09_20_01,POSTGRES_OLTP,2026-09-20 22:46:16
1031,8,40,Checking,Active,2024-01-10,RUN_2026_09_20_01,POSTGRES_OLTP,2026-09-20 22:46:16
1032,42,30,Checking,Active,2024-01-10,RUN_2026_09_20_01,POSTGRES_OLTP,2026-09-20 22:46:16
1033,48,50,Savings,Active,2024-01-10,RUN_2026_09_20_01,POSTGRES_OLTP,2026-09-20 22:46:16
1034,35,40,Deposit,Active,2024-01-10,RUN_2026_09_20_01,POSTGRES_OLTP,2026-09-20 22:46:16
1035,45,30,Savings,Active,2024-01-10,RUN_2026_09_20_01,POSTGRES_OLTP,2026-09-20 22:46:16
1036,39,20,Savings,Active,2024-01-10,RUN_2026_09_20_01,POSTGRES_OLTP,2026-09-20 22:46:16
1037,6,20,Savings,Active,2024-01-10,RUN_2026_09_20_01,POSTGRES_OLTP,2026-09-20 22:46:16
1038,13,40,Deposit,Active,2024-01-10,RUN_2026_09_20_01,POSTGRES_OLTP,2026-09-20 22:46:16
1039,38,10,Deposit,Active,2024-01-10,RUN_2026_09_20_01,POSTGRES_OLTP,2026-09-20 22:46:16
1040,1,10,Savings,Active,2024-01-10,RUN_2026_09_20_01,POSTGRES_OLTP,2026-09-20 22:46:16
1041,2,20,Savings,Active,2024-01-10,RUN_2026_09_20_01,POSTGRES_OLTP,2026-09-20 22:46:16
1042,32,50,Checking,Active,2024-01-10,RUN_2026_09_20_01,POSTGRES_OLTP,2026-09-20 22:46:16
1043,26,30,Checking,Active,2024-01-10,RUN_2026_09_20_01,POSTGRES_OLTP,2026-09-20 22:46:16
1044,13,20,Deposit,Active,2024-01-10,RUN_2026_09_20_01,POSTGRES_OLTP,2026-09-20 22:46:16
1045,17,30,Savings,Active,2024-01-10,RUN_2026_09_20_01,POSTGRES_OLTP,2026-09-20 22:46:16
1046,50,20,Savings,Active,2024-01-10,RUN_2026_09_20_01,POSTGRES_OLTP,2026-09-20 22:46:16
1047,36,50,Savings,Active,2024-01-10,RUN_2026_09_20_01,POSTGRES_OLTP,2026-09-20 22:46:16
1048,8,40,Deposit,Active,2024-01-10,RUN_2026_09_20_01,POSTGRES_OLTP,2026-09-20 22:46:16
1049,2,20,Checking,Active,2024-01-10,RUN_2026_09_20_01,POSTGRES_OLTP,2026-09-20 22:46:16
1050,43,50,Deposit,Active,2024-01-10,RUN_2026_09_20_01,POSTGRES_OLTP,2026-09-20 22:46:16
1051,8,20,Deposit,Active,2024-01-10,RUN_2026_09_20_01,POSTGRES_OLTP,2026-09-20 22:46:16
1052,35,40,Savings,Active,2024-01-10,RUN_2026_09_20_01,POSTGRES_OLTP,2026-09-20 22:46:16
1053,40,50,Savings,Active,2024-01-10,RUN_2026_09_20_01,POSTGRES_OLTP,2026-09-20 22:46:16
1054,34,30,Deposit,Active,2024-01-10,RUN_2026_09_20_01,POSTGRES_OLTP,2026-09-20 22:46:16
1055,34,40,Savings,Active,2024-01-10,RUN_2026_09_20_01,POSTGRES_OLTP,2026-09-20 22:46:16
1056,11,50,Deposit,Active,2024-01-10,RUN_2026_09_20_01,POSTGRES_OLTP,2026-09-20 22:46:16
1057,35,10,Deposit,Active,2024-01-10,RUN_2026_09_20_01,POSTGRES_OLTP,2026-09-20 22:46:16
1058,1,50,Savings,Active,2024-01-10,RUN_2026_09_20_01,POSTGRES_OLTP,2026-09-20 22:46:16
1059,27,20,Deposit,Active,2024-01-10,RUN_2026_09_20_01,POSTGRES_OLTP,2026-09-20 22:46:16
1060,14,20,Deposit,Active,2024-01-10,RUN_2026_09_20_01,POSTGRES_OLTP,2026-09-20 22:46:16
1061,27,10,Checking,Active,2024-01-10,RUN_2026_09_20_01,POSTGRES_OLTP,2026-09-20 22:46:16
1062,35,20,Savings,Active,2024-01-10,RUN_2026_09_20_01,POSTGRES_OLTP,2026-09-20 22:46:16
1063,43,50,Deposit,Active,2024-01-10,RUN_2026_09_20_01,POSTGRES_OLTP,2026-09-20 22:46:16
1064,4,10,Checking,Active,2024-01-10,RUN_2026_09_20_01,POSTGRES_OLTP,2026-09-20 22:46:16
1065,45,20,Savings,Active,2024-01-10,RUN_2026_09_20_01,POSTGRES_OLTP,2026-09-20 22:46:16
1066,6,50,Checking,Active,2024-01-10,RUN_2026_09_20_01,POSTGRES_OLTP,2026-09-20 22:46:16
1067,46,30,Savings,Active,2024-01-10,RUN_2026_09_20_01,POSTGRES_OLTP,2026-09-20 22:46:16
1068,12,10,Savings,Active,2024-01-10,RUN_2026_09_20_01,POSTGRES_OLTP,2026-09-20 22:46:16
1069,43,10,Checking,Active,2024-01-10,RUN_2026_09_20_01,POSTGRES_OLTP,2026-09-20 22:46:16
1070,4,30,Savings,Active,2024-01-10,RUN_2026_09_20_01,POSTGRES_OLTP,2026-09-20 22:46:16
1071,5,40,Deposit,Active,2024-01-10,RUN_2026_09_20_01,POSTGRES_OLTP,2026-09-20 22:46:16
1072,41,20,Deposit,Active,2024-01-10,RUN_2026_09_20_01,POSTGRES_OLTP,2026-09-20 22:46:16
1073,5,30,Deposit,Active,2024-01-10,RUN_2026_09_20_01,POSTGRES_OLTP,2026-09-20 22:46:16
1074,28,50,Checking,Active,2024-01-10,RUN_2026_09_20_01,POSTGRES_OLTP,2026-09-20 22:46:16
1075,24,10,Savings,Active,2024-01-10,RUN_2026_09_20_01,POSTGRES_OLTP,2026-09-20 22:46:16
1076,9,30,Savings,Active,2024-01-10,RUN_2026_09_20_01,POSTGRES_OLTP,2026-09-20 22:46:16
1077,2,50,Checking,Active,2024-01-10,RUN_2026_09_20_01,POSTGRES_OLTP,2026-09-20 22:46:16
1078,27,10,Checking,Active,2024-01-10,RUN_2026_09_20_01,POSTGRES_OLTP,2026-09-20 22:46:16
1079,36,20,Checking,Active,2024-01-10,RUN_2026_09_20_01,POSTGRES_OLTP,2026-09-20 22:46:16
1080,46,10,Deposit,Active,2024-01-10,RUN_2026_09_20_01,POSTGRES_OLTP,2026-09-20 22:46:16
1081,27,10,Checking,Active,2024-01-10,RUN_2026_09_20_01,POSTGRES_OLTP,2026-09-20 22:46:16
1082,4,50,Checking,Active,2024-01-10,RUN_2026_09_20_01,POSTGRES_OLTP,2026-09-20 22:46:16
1083,35,50,Deposit,Active,2024-01-10,RUN_2026_09_20_01,POSTGRES_OLTP,2026-09-20 22:46:16
1084,3,10,Savings,Active,2024-01-10,RUN_2026_09_20_01,POSTGRES_OLTP,2026-09-20 22:46:16
1085,31,50,Checking,Active,2024-01-10,RUN_2026_09_20_01,POSTGRES_OLTP,2026-09-20 22:46:16
1086,50,20,Checking,Active,2024-01-10,RUN_2026_09_20_01,POSTGRES_OLTP,2026-09-20 22:46:16
1087,8,50,Savings,Active,2024-01-10,RUN_2026_09_20_01,POSTGRES_OLTP,2026-09-20 22:46:16
1088,21,10,Checking,Active,2024-01-10,RUN_2026_09_20_01,POSTGRES_OLTP,2026-09-20 22:46:16
1089,40,20,Checking,Active,2024-01-10,RUN_2026_09_20_01,POSTGRES_OLTP,2026-09-20 22:46:16
1090,2,50,Deposit,Active,2024-01-10,RUN_2026_09_20_01,POSTGRES_OLTP,2026-09-20 22:46:16
1091,12,30,Savings,Active,2024-01-10,RUN_2026_09_20_01,POSTGRES_OLTP,2026-09-20 22:46:16
1092,18,30,Savings,Active,2024-01-10,RUN_2026_09_20_01,POSTGRES_OLTP,2026-09-20 22:46:16
1093,7,10,Savings,Active,2024-01-10,RUN_2026_09_20_01,POSTGRES_OLTP,2026-09-20 22:46:16
1094,11,20,Deposit,Active,2024-01-10,RUN_2026_09_20_01,POSTGRES_OLTP,2026-09-20 22:46:16
1095,35,10,Checking,Active,2024-01-10,RUN_2026_09_20_01,POSTGRES_OLTP,2026-09-20 22:46:16
1096,19,10,Deposit,Active,2024-01-10,RUN_2026_09_20_01,POSTGRES_OLTP,2026-09-20 22:46:16
1097,10,30,Deposit,Active,2024-01-10,RUN_2026_09_20_01,POSTGRES_OLTP,2026-09-20 22:46:16
1098,48,30,Deposit,Active,2024-01-10,RUN_2026_09_20_01,POSTGRES_OLTP,2026-09-20 22:46:16
1099,41,50,Checking,Active,2024-01-10,RUN_2026_09_20_01,POSTGRES_OLTP,2026-09-20 22:46:16
1100,34,40,Checking,Active,2024-01-10,RUN_2026_09_20_01,POSTGRES_OLTP,2026-09-20 22:46:16
