account_id,customer_id,allocation_weight,load_run_id,source_system,processed_at
1001,21,1.0,RUN_2026_09_20_01,POSTGRES_OLTP,2026-09-20 22:46:16
1002,13,1.0,RUN_2026_09_20_01,POSTGRES_OLTP,2026-09-20 22:46:16
1003,21,1.0,RUN_2026_09_20_01,POSTGRES_OLTP,2026-09-20 22:46:16
1004,18,1.0,RUN_2026_09_20_01,POSTGRES_OLTP,2026-09-20 22:46:16
1005,41,1.0,RUN_2026_09_20_01,POSTGRES_OLTP,2026-09-20 22:46:16
1006,18,1.0,RUN_2026_09_20_01,POSTGRES_OLTP,2026-09-20 22:46:16
1007,20,1.0,RUN_2026_09_20_01,POSTGRES_OLTP,2026-09-20 22:46:16
1008,4,1.0,RUN_2026_09_20_01,POSTGRES_OLTP,2026-09-20 22:46:16
1009,16,1.0,RUN_2026_09_20_01,POSTGRES_OLTP,2026-09-20 22:46:16
1010,13,1.0,RUN_2026_09_20_01,POSTGRES_OLTP,2026-09-20 22:46:16
1011,15,1.0,RUN_2026_09_20_01,POSTGRES_OLTP,2026-09-20 22:46:16
1012,45,1.0,RUN_2026_09_20_01,POSTGRES_OLTP,2026-09-20 22:46:16
1013,43,1.0,RUN_2026_09_20_01,POSTGRES_OLTP,2026-09-20 22:46:16
1014,44,1.0,RUN_2026_09_20_01,POSTGRES_OLTP,2026-09-20 22:46:16
1015,13,1.0,RUN_2026_09_20_01,POSTGRES_OLTP,2026-09-20 22:46:16
1016,4,1.0,RUN_2026_09_20_01,POSTGRES_OLTP,2026-09-20 22:46:16
1017,38,1.0,RUN_2026_09_20_01,POSTGRES_OLTP,2026-09-20 22:46:16
1018,18,1.0,RUN_2026_09_20_01,POSTGRES_OLTP,2026-09-20 22:46:16
1019,28,1.0,RUN_2026_09_20_01,POSTGRES_OLTP,2026-09-20 22:46:16
1020,26,1.0,RUN_2026_09_20_01,POSTGRES_OLTP,2026-09-20 22:46:16
1021,1,1.0,RUN_2026_09_20_01,POSTGRES_OLTP,2026-09-20 22:46:16
1022,36,1.0,RUN_2026_09_20_01,POSTGRES_OLTP,2026-09-20 22:46:16
1023,24,1.0,RUN_2026_09_20_01,POSTGRES_OLTP,2026-09-20 22:46:16
1024,19,1.0,RUN_2026_09_20_01,POSTGRES_OLTP,2026-09-20 22:46:16
1025,23,1.0,RUN_2026_09_20_01,POSTGRES_OLTP,2026-09-20 22:46:16
1026,4,1.0,RUN_2026_09_20_01,POSTGRES_OLTP,2026-09-20 22:46:16
1027,8,1.0,RUN_2026_09_20_01,POSTGRES_OLTP,2026-09-20 22:46:16
1028,29,1.0,RUN_2026_09_20_01,POSTGRES_OLTP,2026-09-20 22:46:16
1029,35,1.0,RUN_2026_09_20_01,POSTGRES_OLTP,2026-09-20 22:46:16
1030,4,1.0,RUN_2026_09_20_01,POSTGRES_OLTP,2026-09-20 22:46:16
1031,8,1.0,RUN_2026_09_20_01,POSTGRES_OLTP,2026-09-20 22:46:16
1032,42,1.0,RUN_2026_09_20_01,POSTGRES_OLTP,2026-09-20 22:46:16
1033,48,1.0,RUN_2026_09_20_01,POSTGRES_OLTP,2026-09-20 22:46:16
1034,35,1.0,RUN_2026_09_20_01,POSTGRES_OLTP,2026-09-20 22:46:16
1035,45,1.0,RUN_2026_09_20_01,POSTGRES_OLTP,2026-09-20 22:46:16
1036,39,1.0,RUN_2026_09_20_01,POSTGRES_OLTP,2026-09-20 22:46:16
1037,6,1.0,RUN_2026_09_20_01,POSTGRES_OLTP,2026-09-20 22:46:16
1038,13,1.0,RUN_2026_09_20_01,POSTGRES_OLTP,2026-09-20 22:46:16
1039,38,1.0,RUN_2026_09_20_01,POSTGRES_OLTP,2026-09-20 22:46:16
1040,1,1.0,RUN_2026_09_20_01,POSTGRES_OLTP,2026-09-20 22:46:16
1041,2,1.0,RUN_2026_09_20_01,POSTGRES_OLTP,2026-09-20 22:46:16
1042,32,1.0,RUN_2026_09_20_01,POSTGRES_OLTP,2026-09-20 22:46:16
1043,26,1.0,RUN_2026_09_20_01,POSTGRES_OLTP,2026-09-20 22:46:16
1044,13,1.0,RUN_2026_09_20_01,POSTGRES_OLTP,2026-09-20 22:46:16
1045,17,1.0,RUN_2026_09_20_01,POSTGRES_OLTP,2026-09-20 22:46:16
1046,50,1.0,RUN_2026_09_20_01,POSTGRES_OLTP,2026-09-20 22:46:16
1047,36,1.0,RUN_2026_09_20_01,POSTGRES_OLTP,2026-09-20 22:46:16
1048,8,1.0,RUN_2026_09_20_01,POSTGRES_OLTP,2026-09-20 22:46:16
1049,2,1.0,RUN_2026_09_20_01,POSTGRES_OLTP,2026-09-20 22:46:16
1050,43,1.0,RUN_2026_09_20_01,POSTGRES_OLTP,2026-09-20 22:46:16
1051,8,1.0,RUN_2026_09_20_01,POSTGRES_OLTP,2026-09-20 22:46:16
1052,35,1.0,RUN_2026_09_20_01,POSTGRES_OLTP,2026-09-20 22:46:16
1053,40,1.0,RUN_2026_09_20_01,POSTGRES_OLTP,2026-09-20 22:46:16
1054,34,1.0,RUN_2026_09_20_01,POSTGRES_OLTP,2026-09-20 22:46:16
1055,34,1.0,RUN_2026_09_20_01,POSTGRES_OLTP,2026-09-20 22:46:16
1056,11,1.0,RUN_2026_09_20_01,POSTGRES_OLTP,2026-09-20 22:46:16
1057,35,1.0,RUN_2026_09_20_01,POSTGRES_OLTP,2026-09-20 22:46:16
1058,1,1.0,RUN_2026_09_20_01,POSTGRES_OLTP,2026-09-20 22:46:16
1059,27,1.0,RUN_2026_09_20_01,POSTGRES_OLTP,2026-09-20 22:46:16
1060,14,1.0,RUN_2026_09_20_01,POSTGRES_OLTP,2026-09-20 22:46:16
1061,27,1.0,RUN_2026_09_20_01,POSTGRES_OLTP,2026-09-20 22:46:16
1062,35,1.0,RUN_2026_09_20_01,POSTGRES_OLTP,2026-09-20 22:46:16
1063,43,1.0,RUN_2026_09_20_01,POSTGRES_OLTP,2026-09-20 22:46:16
1064,4,1.0,RUN_2026_09_20_01,POSTGRES_OLTP,2026-09-20 22:46:16
1065,45,1.0,RUN_2026_09_20_01,POSTGRES_OLTP,2026-09-20 22:46:16
1066,6,1.0,RUN_2026_09_20_01,POSTGRES_OLTP,2026-09-20 22:46:16
1067,46,1.0,RUN_2026_09_20_01,POSTGRES_OLTP,2026-09-20 22:46:16
1068,12,1.0,RUN_2026_09_20_01,POSTGRES_OLTP,2026-09-20 22:46:16
1069,43,1.0,RUN_2026_09_20_01,POSTGRES_OLTP,2026-09-20 22:46:16
1070,4,1.0,RUN_2026_09_20_01,POSTGRES_OLTP,2026-09-20 22:46:16
1071,5,1.0,RUN_2026_09_20_01,POSTGRES_OLTP,2026-09-20 22:46:16
1072,41,1.0,RUN_2026_09_20_01,POSTGRES_OLTP,2026-09-20 22:46:16
1073,5,1.0,RUN_2026_09_20_01,POSTGRES_OLTP,2026-09-20 22:46:16
1074,28,1.0,RUN_2026_09_20_01,POSTGRES_OLTP,2026-09-20 22:46:16
1075,24,1.0,RUN_2026_09_20_01,POSTGRES_OLTP,2026-09-20 22:46:16
1076,9,1.0,RUN_2026_09_20_01,POSTGRES_OLTP,2026-09-20 22:46:16
1077,2,1.0,RUN_2026_09_20_01,POSTGRES_OLTP,2026-09-20 22:46:16
1078,27,1.0,RUN_2026_09_20_01,POSTGRES_OLTP,2026-09-20 22:46:16
1079,36,1.0,RUN_2026_09_20_01,POSTGRES_OLTP,2026-09-20 22:46:16
1080,46,1.0,RUN_2026_09_20_01,POSTGRES_OLTP,2026-09-20 22:46:16
1081,27,1.0,RUN_2026_09_20_01,POSTGRES_OLTP,2026-09-20 22:46:16
1082,4,1.0,RUN_2026_09_20_01,POSTGRES_OLTP,2026-09-20 22:46:16
1083,35,1.0,RUN_2026_09_20_01,POSTGRES_OLTP,2026-09-20 22:46:16
1084,3,1.0,RUN_2026_09_20_01,POSTGRES_OLTP,2026-09-20 22:46:16
1085,31,1.0,RUN_2026_09_20_01,POSTGRES_OLTP,2026-09-20 22:46:16
1086,50,1.0,RUN_2026_09_20_01,POSTGRES_OLTP,2026-09-20 22:46:16
1087,8,1.0,RUN_2026_09_20_01,POSTGRES_OLTP,2026-09-20 22:46:16
1088,21,1.0,RUN_2026_09_20_01,POSTGRES_OLTP,2026-09-20 22:46:16
1089,40,1.0,RUN_2026_09_20_01,POSTGRES_OLTP,2026-09-20 22:46:16
1090,2,1.0,RUN_2026_09_20_01,POSTGRES_OLTP,2026-09-20 22:46:16
1091,12,1.0,RUN_2026_09_20_01,POSTGRES_OLTP,2026-09-20 22:46:16
1092,18,1.0,RUN_2026_09_20_01,POSTGRES_OLTP,2026-09-20 22:46:16
1093,7,1.0,RUN_2026_09_20_01,POSTGRES_OLTP,2026-09-20 22:46:16
1094,11,1.0,RUN_2026_09_20_01,POSTGRES_OLTP,2026-09-20 22:46:16
1095,35,1.0,RUN_2026_09_20_01,POSTGRES_OLTP,2026-09-20 22:46:16
1096,19,1.0,RUN_2026_09_20_01,POSTGRES_OLTP,2026-09-20 22:46:16
1097,10,1.0,RUN_2026_09_20_01,POSTGRES_OLTP,2026-09-20 22:46:16
1098,48,1.0,RUN_2026_09_20_01,POSTGRES_OLTP,2026-09-20 22:46:16
1099,41,1.0,RUN_2026_09_20_01,POSTGRES_OLTP,2026-09-20 22:46:16
1100,34,1.0,RUN_2026_09_20_01,POSTGRES_OLTP,2026-09-20 22:46:16
