snapshot_id,account_id,date_key,closing_balance,load_run_id,source_system,processed_at
1,1001,20260930,9282.58,RUN_2026_09_20_01,POSTGRES_OLTP,2026-09-20 22:46:16
2,1002,20260930,14928.67,RUN_2026_09_20_01,POSTGRES_OLTP,2026-09-20 22:46:16
3,1003,20260930,6817.61,RUN_2026_09_20_01,POSTGRES_OLTP,2026-09-20 22:46:16
4,1004,20260930,14176.45,RUN_2026_09_20_01,POSTGRES_OLTP,2026-09-20 22:46:16
5,1005,20260930,2859.21,RUN_2026_09_20_01,POSTGRES_OLTP,2026-09-20 22:46:16
6,1006,20260930,6872.38,RUN_2026_09_20_01,POSTGRES_OLTP,2026-09-20 22:46:16
7,1007,20260930,13696.27,RUN_2026_09_20_01,POSTGRES_OLTP,2026-09-20 22:46:16
8,1008,20260930,6498.6,RUN_2026_09_20_01,POSTGRES_OLTP,2026-09-20 22:46:16
9,1009,20260930,564.19,RUN_2026_09_20_01,POSTGRES_OLTP,2026-09-20 22:46:16
10,1010,20260930,12692.68,RUN_2026_09_20_01,POSTGRES_OLTP,2026-09-20 22:46:16
11,1011,20260930,1761.71,RUN_2026_09_20_01,POSTGRES_OLTP,2026-09-20 22:46:16
12,1012,20260930,8139.7,RUN_2026_09_20_01,POSTGRES_OLTP,2026-09-20 22:46:16
13,1013,20260930,1114.64,RUN_2026_09_20_01,POSTGRES_OLTP,2026-09-20 22:46:16
14,1014,20260930,3852.27,RUN_2026_09_20_01,POSTGRES_OLTP,2026-09-20 22:46:16
15,1015,20260930,12031.05,RUN_2026_09_20_01,POSTGRES_OLTP,2026-09-20 22:46:16
16,1016,20260930,4905.67,RUN_2026_09_20_01,POSTGRES_OLTP,2026-09-20 22:46:16
17,1017,20260930,14652.15,RUN_2026_09_20_01,POSTGRES_OLTP,2026-09-20 22:46:16
18,1018,20260930,9688.78,RUN_2026_09_20_01,POSTGRES_OLTP,2026-09-20 22:46:16
19,1019,20260930,2001.04,RUN_2026_09_20_01,POSTGRES_OLTP,2026-09-20 22:46:16
20,1020,20260930,3147.13,RUN_2026_09_20_01,POSTGRES_OLTP,2026-09-20 22:46:16
21,1021,20260930,8064.01,RUN_2026_09_20_01,POSTGRES_OLTP,2026-09-20 22:46:16
22,1022,20260930,1362.68,RUN_2026_09_20_01,POSTGRES_OLTP,2026-09-20 22:46:16
23,1023,20260930,11282.48,RUN_2026_09_20_01,POSTGRES_OLTP,2026-09-20 22:46:16
24,1024,20260930,9367.76,RUN_2026_09_20_01,POSTGRES_OLTP,2026-09-20 22:46:16
25,1025,20260930,1189.22,RUN_2026_09_20_01,POSTGRES_OLTP,2026-09-20 22:46:16
26,1026,20260930,7943.79,RUN_2026_09_20_01,POSTGRES_OLTP,2026-09-20 22:46:16
27,1027,20260930,2217.25,RUN_2026_09_20_01,POSTGRES_OLTP,2026-09-20 22:46:16
28,1028,20260930,5146.74,RUN_2026_09_20_01,POSTGRES_OLTP,2026-09-20 22:46:16
29,1029,20260930,10512.62,RUN_2026_09_20_01,POSTGRES_OLTP,2026-09-20 22:46:16
30,1030,20260930,13477.14,RUN_2026_09_20_01,POSTGRES_OLTP,2026-09-20 22:46:16
31,1031,20260930,14065.54,RUN_2026_09_20_01,POSTGRES_OLTP,2026-09-20 22:46:16
32,1032,20260930,12046.57,RUN_2026_09_20_01,POSTGRES_OLTP,2026-09-20 22:46:16
33,1033,20260930,13167.92,RUN_2026_09_20_01,POSTGRES_OLTP,2026-09-20 22:46:16
34,1034,20260930,7101.23,RUN_2026_09_20_01,POSTGRES_OLTP,2026-09-20 22:46:16
35,1035,20260930,5352.16,RUN_2026_09_20_01,POSTGRES_OLTP,2026-09-20 22:46:16
36,1036,20260930,12473.65,RUN_2026_09_20_01,POSTGRES_OLTP,2026-09-20 22:46:16
37,1037,20260930,11172.17,RUN_2026_09_20_01,POSTGRES_OLTP,2026-09-20 22:46:16
38,1038,20260930,948.1,RUN_2026_09_20_01,POSTGRES_OLTP,2026-09-20 22:46:16
39,1039,20260930,6198.22,RUN_2026_09_20_01,POSTGRES_OLTP,2026-09-20 22:46:16
40,1040,20260930,3545.71,RUN_2026_09_20_01,POSTGRES_OLTP,2026-09-20 22:46:16
41,1041,20260930,13136.09,RUN_2026_09_20_01,POSTGRES_OLTP,2026-09-20 22:46:16
42,1042,20260930,6430.81,RUN_2026_09_20_01,POSTGRES_OLTP,2026-09-20 22:46:16
43,1043,20260930,6542.0,RUN_2026_09_20_01,POSTGRES_OLTP,2026-09-20 22:46:16
44,1044,20260930,5996.81,RUN_2026_09_20_01,POSTGRES_OLTP,2026-09-20 22:46:16
45,1045,20260930,7231.57,RUN_2026_09_20_01,POSTGRES_OLTP,2026-09-20 22:46:16
46,1046,20260930,6317.82,RUN_2026_09_20_01,POSTGRES_OLTP,2026-09-20 22:46:16
47,1047,20260930,11670.93,RUN_2026_09_20_01,POSTGRES_OLTP,2026-09-20 22:46:16
48,1048,20260930,5085.63,RUN_2026_09_20_01,POSTGRES_OLTP,2026-09-20 22:46:16
49,1049,20260930,11347.7,RUN_2026_09_20_01,POSTGRES_OLTP,2026-09-20 22:46:16
50,1050,20260930,8557.4,RUN_2026_09_20_01,POSTGRES_OLTP,2026-09-20 22:46:16
51,1051,20260930,4263.05,RUN_2026_09_20_01,POSTGRES_OLTP,2026-09-20 22:46:16
52,1052,20260930,6703.7,RUN_2026_09_20_01,POSTGRES_OLTP,2026-09-20 22:46:16
53,1053,20260930,3855.6,RUN_2026_09_20_01,POSTGRES_OLTP,2026-09-20 22:46:16
54,1054,20260930,8529.18,RUN_2026_09_20_01,POSTGRES_OLTP,2026-09-20 22:46:16
55,1055,20260930,12700.64,RUN_2026_09_20_01,POSTGRES_OLTP,2026-09-20 22:46:16
56,1056,20260930,10721.63,RUN_2026_09_20_01,POSTGRES_OLTP,2026-09-20 22:46:16
57,1057,20260930,1677.22,RUN_2026_09_20_01,POSTGRES_OLTP,2026-09-20 22:46:16
58,1058,20260930,14704.61,RUN_2026_09_20_01,POSTGRES_OLTP,2026-09-20 22:46:16
59,1059,20260930,5781.76,RUN_2026_09_20_01,POSTGRES_OLTP,2026-09-20 22:46:16
60,1060,20260930,2689.26,RUN_2026_09_20_01,POSTGRES_OLTP,2026-09-20 22:46:16
61,1061,20260930,4854.44,RUN_2026_09_20_01,POSTGRES_OLTP,2026-09-20 22:46:16
62,1062,20260930,5588.98,RUN_2026_09_20_01,POSTGRES_OLTP,2026-09-20 22:46:16
63,1063,20260930,4720.96,RUN_2026_09_20_01,POSTGRES_OLTP,2026-09-20 22:46:16
64,1064,20260930,13917.96,RUN_2026_09_20_01,POSTGRES_OLTP,2026-09-20 22:46:16
65,1065,20260930,6486.09,RUN_2026_09_20_01,POSTGRES_OLTP,2026-09-20 22:46:16
66,1066,20260930,10255.29,RUN_2026_09_20_01,POSTGRES_OLTP,2026-09-20 22:46:16
67,1067,20260930,9324.72,RUN_2026_09_20_01,POSTGRES_OLTP,2026-09-20 22:46:16
68,1068,20260930,4712.68,RUN_2026_09_20_01,POSTGRES_OLTP,2026-09-20 22:46:16
69,1069,20260930,8643.0,RUN_2026_09_20_01,POSTGRES_OLTP,2026-09-20 22:46:16
70,1070,20260930,5980.16,RUN_2026_09_20_01,POSTGRES_OLTP,2026-09-20 22:46:16
71,1071,20260930,9633.57,RUN_2026_09_20_01,POSTGRES_OLTP,2026-09-20 22:46:16
72,1072,20260930,2657.29,RUN_2026_09_20_01,POSTGRES_OLTP,2026-09-20 22:46:16
73,1073,20260930,8036.14,RUN_2026_09_20_01,POSTGRES_OLTP,2026-09-20 22:46:16
74,1074,20260930,8417.16,RUN_2026_09_20_01,POSTGRES_OLTP,2026-09-20 22:46:16
75,1075,20260930,4873.59,RUN_2026_09_20_01,POSTGRES_OLTP,2026-09-20 22:46:16
76,1076,20260930,14810.9,RUN_2026_09_20_01,POSTGRES_OLTP,2026-09-20 22:46:16
77,1077,20260930,6061.87,RUN_2026_09_20_01,POSTGRES_OLTP,2026-09-20 22:46:16
78,1078,20260930,14659.26,RUN_2026_09_20_01,POSTGRES_OLTP,2026-09-20 22:46:16
79,1079,20260930,4221.92,RUN_2026_09_20_01,POSTGRES_OLTP,2026-09-20 22:46:16
80,1080,20260930,6312.48,RUN_2026_09_20_01,POSTGRES_OLTP,2026-09-20 22:46:16
81,1081,20260930,9621.9,RUN_2026_09_20_01,POSTGRES_OLTP,2026-09-20 22:46:16
82,1082,20260930,10525.67,RUN_2026_09_20_01,POSTGRES_OLTP,2026-09-20 22:46:16
83,1083,20260930,8629.68,RUN_2026_09_20_01,POSTGRES_OLTP,2026-09-20 22:46:16
84,1084,20260930,1403.61,RUN_2026_09_20_01,POSTGRES_OLTP,2026-09-20 22:46:16
85,1085,20260930,13968.54,RUN_2026_09_20_01,POSTGRES_OLTP,2026-09-20 22:46:16
86,1086,20260930,5464.83,RUN_2026_09_20_01,POSTGRES_OLTP,2026-09-20 22:46:16
87,1087,20260930,714.31,RUN_2026_09_20_01,POSTGRES_OLTP,2026-09-20 22:46:16
88,1088,20260930,14971.16,RUN_2026_09_20_01,POSTGRES_OLTP,2026-09-20 22:46:16
89,1089,20260930,5153.05,RUN_2026_09_20_01,POSTGRES_OLTP,2026-09-20 22:46:16
90,1090,20260930,1268.06,RUN_2026_09_20_01,POSTGRES_OLTP,2026-09-20 22:46:16
91,1091,20260930,14632.76,RUN_2026_09_20_01,POSTGRES_OLTP,2026-09-20 22:46:16
92,1092,20260930,13636.87,RUN_2026_09_20_01,POSTGRES_OLTP,2026-09-20 22:46:16
93,1093,20260930,4481.81,RUN_2026_09_20_01,POSTGRES_OLTP,2026-09-20 22:46:16
94,1094,20260930,11114.96,RUN_2026_09_20_01,POSTGRES_OLTP,2026-09-20 22:46:16
95,1095,20260930,2549.14,RUN_2026_09_20_01,POSTGRES_OLTP,2026-09-20 22:46:16
96,1096,20260930,5628.55,RUN_2026_09_20_01,POSTGRES_OLTP,2026-09-20 22:46:16
97,1097,20260930,13824.55,RUN_2026_09_20_01,POSTGRES_OLTP,2026-09-20 22:46:16
98,1098,20260930,7539.42,RUN_2026_09_20_01,POSTGRES_OLTP,2026-09-20 22:46:16
99,1099,20260930,7101.81,RUN_2026_09_20_01,POSTGRES_OLTP,2026-09-20 22:46:16
100,1100,20260930,12700.36,RUN_2026_09_20_01,POSTGRES_OLTP,2026-09-20 22:46:16
