customer_id,first_name,last_name,email,date_of_birth,prior_credit_rating,current_credit_rating,hash_nk,load_run_id,source_system,processed_at
1,First_1,Last_1,user_1@example.com,1980-05-30,B,C,hash_customer_1,RUN_2026_09_20_01,POSTGRES_OLTP,2026-09-20 22:46:16
2,First_2,Last_2,user_2@example.com,1980-10-27,B,C,hash_customer_2,RUN_2026_09_20_01,POSTGRES_OLTP,2026-09-20 22:46:16
3,First_3,Last_3,user_3@example.com,1981-03-26,C,A,hash_customer_3,RUN_2026_09_20_01,POSTGRES_OLTP,2026-09-20 22:46:16
4,First_4,Last_4,user_4@example.com,1981-08-23,A,C,hash_customer_4,RUN_2026_09_20_01,POSTGRES_OLTP,2026-09-20 22:46:16
5,First_5,Last_5,user_5@example.com,1982-01-20,C,A+,hash_customer_5,RUN_2026_09_20_01,POSTGRES_OLTP,2026-09-20 22:46:16
6,First_6,Last_6,user_6@example.com,1982-06-19,A,A,hash_customer_6,RUN_2026_09_20_01,POSTGRES_OLTP,2026-09-20 22:46:16
7,First_7,Last_7,user_7@example.com,1982-11-16,B,A+,hash_customer_7,RUN_2026_09_20_01,POSTGRES_OLTP,2026-09-20 22:46:16
8,First_8,Last_8,user_8@example.com,1983-04-15,D,A,hash_customer_8,RUN_2026_09_20_01,POSTGRES_OLTP,2026-09-20 22:46:16
9,First_9,Last_9,user_9@example.com,1983-09-12,D,B,hash_customer_9,RUN_2026_09_20_01,POSTGRES_OLTP,2026-09-20 22:46:16
10,First_10,Last_10,user_10@example.com,1984-02-09,A,A,hash_customer_10,RUN_2026_09_20_01,POSTGRES_OLTP,2026-09-20 22:46:16
11,First_11,Last_11,user_11@example.com,1984-07-08,C,A,hash_customer_11,RUN_2026_09_20_01,POSTGRES_OLTP,2026-09-20 22:46:16
12,First_12,Last_12,user_12@example.com,1984-12-05,D,C,hash_customer_12,RUN_2026_09_20_01,POSTGRES_OLTP,2026-09-20 22:46:16
13,First_13,Last_13,user_13@example.com,1985-05-04,A,C,hash_customer_13,RUN_2026_09_20_01,POSTGRES_OLTP,2026-09-20 22:46:16
14,First_14,Last_14,user_14@example.com,1985-10-01,B,C,hash_customer_14,RUN_2026_09_20_01,POSTGRES_OLTP,2026-09-20 22:46:16
15,First_15,Last_15,user_15@example.com,1986-02-28,A,A+,hash_customer_15,RUN_2026_09_20_01,POSTGRES_OLTP,2026-09-20 22:46:16
16,First_16,Last_16,user_16@example.com,1986-07-28,C,C,hash_customer_16,RUN_2026_09_20_01,POSTGRES_OLTP,2026-09-20 22:46:16
17,First_17,Last_17,user_17@example.com,1986-12-25,D,A,hash_customer_17,RUN_2026_09_20_01,POSTGRES_OLTP,2026-09-20 22:46:16
18,First_18,Last_18,user_18@example.com,1987-05-24,D,A,hash_customer_18,RUN_2026_09_20_01,POSTGRES_OLTP,2026-09-20 22:46:16
19,First_19,Last_19,user_19@example.com,1987-10-21,A,B,hash_customer_19,RUN_2026_09_20_01,POSTGRES_OLTP,2026-09-20 22:46:16
20,First_20,Last_20,user_20@example.com,1988-03-19,A,A+,hash_customer_20,RUN_2026_09_20_01,POSTGRES_OLTP,2026-09-20 22:46:16
21,First_21,Last_21,user_21@example.com,1988-08-16,A,A,hash_customer_21,RUN_2026_09_20_01,POSTGRES_OLTP,2026-09-20 22:46:16
22,First_22,Last_22,user_22@example.com,1989-01-13,D,A+,hash_customer_22,RUN_2026_09_20_01,POSTGRES_OLTP,2026-09-20 22:46:16
23,First_23,Last_23,user_23@example.com,1989-06-12,A,C,hash_customer_23,RUN_2026_09_20_01,POSTGRES_OLTP,2026-09-20 22:46:16
24,First_24,Last_24,user_24@example.com,1989-11-09,D,A+,hash_customer_24,RUN_2026_09_20_01,POSTGRES_OLTP,2026-09-20 22:46:16
25,First_25,Last_25,user_25@example.com,1990-04-08,B,B,hash_customer_25,RUN_2026_09_20_01,POSTGRES_OLTP,2026-09-20 22:46:16
26,First_26,Last_26,user_26@example.com,1990-09-05,D,A,hash_customer_26,RUN_2026_09_20_01,POSTGRES_OLTP,2026-09-20 22:46:16
27,First_27,Last_27,user_27@example.com,1991-02-02,A,A,hash_customer_27,RUN_2026_09_20_01,POSTGRES_OLTP,2026-09-20 22:46:16
28,First_28,Last_28,user_28@example.com,1991-07-02,C,A,hash_customer_28,RUN_2026_09_20_01,POSTGRES_OLTP,2026-09-20 22:46:16
29,First_29,Last_29,user_29@example.com,1991-11-29,C,C,hash_customer_29,RUN_2026_09_20_01,POSTGRES_OLTP,2026-09-20 22:46:16
30,First_30,Last_30,user_30@example.com,1992-04-27,B,C,hash_customer_30,RUN_2026_09_20_01,POSTGRES_OLTP,2026-09-20 22:46:16
31,First_31,Last_31,user_31@example.com,1992-09-24,B,A,hash_customer_31,RUN_2026_09_20_01,POSTGRES_OLTP,2026-09-20 22:46:16
32,First_32,Last_32,user_32@example.com,1993-02-21,C,C,hash_customer_32,RUN_2026_09_20_01,POSTGRES_OLTP,2026-09-20 22:46:16
33,First_33,Last_33,user_33@example.com,1993-07-21,B,B,hash_customer_33,RUN_2026_09_20_01,POSTGRES_OLTP,2026-09-20 22:46:16
34,First_34,Last_34,user_34@example.com,1993-12-18,B,A+,hash_customer_34,RUN_2026_09_20_01,POSTGRES_OLTP,2026-09-20 22:46:16
35,First_35,Last_35,user_35@example.com,1994-05-17,B,A+,hash_customer_35,RUN_2026_09_20_01,POSTGRES_OLTP,2026-09-20 22:46:16
36,First_36,Last_36,user_36@example.com,1994-10-14,C,A+,hash_customer_36,RUN_2026_09_20_01,POSTGRES_OLTP,2026-09-20 22:46:16
37,First_37,Last_37,user_37@example.com,1995-03-13,A,A,hash_customer_37,RUN_2026_09_20_01,POSTGRES_OLTP,2026-09-20 22:46:16
38,First_38,Last_38,user_38@example.com,1995-08-10,D,C,hash_customer_38,RUN_2026_09_20_01,POSTGRES_OLTP,2026-09-20 22:46:16
39,First_39,Last_39,user_39@example.com,1996-01-07,A,C,hash_customer_39,RUN_2026_09_20_01,POSTGRES_OLTP,2026-09-20 22:46:16
40,First_40,Last_40,user_40@example.com,1996-06-05,A,C,hash_customer_40,RUN_2026_09_20_01,POSTGRES_OLTP,2026-09-20 22:46:16
41,First_41,Last_41,user_41@example.com,1996-11-02,C,A+,hash_customer_41,RUN_2026_09_20_01,POSTGRES_OLTP,2026-09-20 22:46:16
42,First_42,Last_42,user_42@example.com,1997-04-01,A,B,hash_customer_42,RUN_2026_09_20_01,POSTGRES_OLTP,2026-09-20 22:46:16
43,First_43,Last_43,user_43@example.com,1997-08-29,D,A+,hash_customer_43,RUN_2026_09_20_01,POSTGRES_OLTP,2026-09-20 22:46:16
44,First_44,Last_44,user_44@example.com,1998-01-26,B,B,hash_customer_44,RUN_2026_09_20_01,POSTGRES_OLTP,2026-09-20 22:46:16
45,First_45,Last_45,user_45@example.com,1998-06-25,B,C,hash_customer_45,RUN_2026_09_20_01,POSTGRES_OLTP,2026-09-20 22:46:16
46,First_46,Last_46,user_46@example.com,1998-11-22,B,B,hash_customer_46,RUN_2026_09_20_01,POSTGRES_OLTP,2026-09-20 22:46:16
47,First_47,Last_47,user_47@example.com,1999-04-21,A,A+,hash_customer_47,RUN_2026_09_20_01,POSTGRES_OLTP,2026-09-20 22:46:16
48,First_48,Last_48,user_48@example.com,1999-09-18,A,A,hash_customer_48,RUN_2026_09_20_01,POSTGRES_OLTP,2026-09-20 22:46:16
49,First_49,Last_49,user_49@example.com,2000-02-15,B,C,hash_customer_49,RUN_2026_09_20_01,POSTGRES_OLTP,2026-09-20 22:46:16
50,First_50,Last_50,user_50@example.com,2000-07-14,C,A+,hash_customer_50,RUN_2026_09_20_01,POSTGRES_OLTP,2026-09-20 22:46:16
