history_id,customer_id,address,risk_segment,effective_from,effective_to,is_current,load_run_id,source_system,processed_at
101,1,Old Address 1,Medium,2024-01-01,2025-01-01,False,RUN_2026_09_20_01,POSTGRES_OLTP,2026-09-20 22:46:16
102,1,Current Address 1,Medium,2025-01-01,,True,RUN_2026_09_20_01,POSTGRES_OLTP,2026-09-20 22:46:16
103,2,Old Address 2,Low,2024-01-01,2025-01-01,False,RUN_2026_09_20_01,POSTGRES_OLTP,2026-09-20 22:46:16
104,2,Current Address 2,Low,2025-01-01,,True,RUN_2026_09_20_01,POSTGRES_OLTP,2026-09-20 22:46:16
105,3,Old Address 3,Medium,2024-01-01,2025-01-01,False,RUN_2026_09_20_01,POSTGRES_OLTP,2026-09-20 22:46:16
106,3,Current Address 3,High,2025-01-01,,True,RUN_2026_09_20_01,POSTGRES_OLTP,2026-09-20 22:46:16
107,4,Old Address 4,Medium,2024-01-01,2025-01-01,False,RUN_2026_09_20_01,POSTGRES_OLTP,2026-09-20 22:46:16
108,4,Current Address 4,Medium,2025-01-01,,True,RUN_2026_09_20_01,POSTGRES_OLTP,2026-09-20 22:46:16
109,5,Old Address 5,Low,2024-01-01,2025-01-01,False,RUN_2026_09_20_01,POSTGRES_OLTP,2026-09-20 22:46:16
110,5,Current Address 5,High,2025-01-01,,True,RUN_2026_09_20_01,POSTGRES_OLTP,2026-09-20 22:46:16
111,6,Old Address 6,Low,2024-01-01,2025-01-01,False,RUN_2026_09_20_01,POSTGRES_OLTP,2026-09-20 22:46:16
112,6,Current Address 6,Low,2025-01-01,,True,RUN_2026_09_20_01,POSTGRES_OLTP,2026-09-20 22:46:16
113,7,Old Address 7,Medium,2024-01-01,2025-01-01,False,RUN_2026_09_20_01,POSTGRES_OLTP,2026-09-20 22:46:16
114,7,Current Address 7,High,2025-01-01,,True,RUN_2026_09_20_01,POSTGRES_OLTP,2026-09-20 22:46:16
115,8,Old Address 8,Medium,2024-01-01,2025-01-01,False,RUN_2026_09_20_01,POSTGRES_OLTP,2026-09-20 22:46:16
116,8,Current Address 8,Medium,2025-01-01,,True,RUN_2026_09_20_01,POSTGRES_OLTP,2026-09-20 22:46:16
117,9,Old Address 9,Medium,2024-01-01,2025-01-01,False,RUN_2026_09_20_01,POSTGRES_OLTP,2026-09-20 22:46:16
118,9,Current Address 9,Low,2025-01-01,,True,RUN_2026_09_20_01,POSTGRES_OLTP,2026-09-20 22:46:16
119,10,Old Address 10,Medium,2024-01-01,2025-01-01,False,RUN_2026_09_20_01,POSTGRES_OLTP,2026-09-20 22:46:16
120,10,Current Address 10,Medium,2025-01-01,,True,RUN_2026_09_20_01,POSTGRES_OLTP,2026-09-20 22:46:16
121,11,Old Address 11,Low,2024-01-01,2025-01-01,False,RUN_2026_09_20_01,POSTGRES_OLTP,2026-09-20 22:46:16
122,11,Current Address 11,High,2025-01-01,,True,RUN_2026_09_20_01,POSTGRES_OLTP,2026-09-20 22:46:16
123,12,Old Address 12,Low,2024-01-01,2025-01-01,False,RUN_2026_09_20_01,POSTGRES_OLTP,2026-09-20 22:46:16
124,12,Current Address 12,Low,2025-01-01,,True,RUN_2026_09_20_01,POSTGRES_OLTP,2026-09-20 22:46:16
125,13,Old Address 13,Low,2024-01-01,2025-01-01,False,RUN_2026_09_20_01,POSTGRES_OLTP,2026-09-20 22:46:16
126,13,Current Address 13,Medium,2025-01-01,,True,RUN_2026_09_20_01,POSTGRES_OLTP,2026-09-20 22:46:16
127,14,Old Address 14,Low,2024-01-01,2025-01-01,False,RUN_2026_09_20_01,POSTGRES_OLTP,2026-09-20 22:46:16
128,14,Current Address 14,Medium,2025-01-01,,True,RUN_2026_09_20_01,POSTGRES_OLTP,2026-09-20 22:46:16
129,15,Old Address 15,Low,2024-01-01,2025-01-01,False,RUN_2026_09_20_01,POSTGRES_OLTP,2026-09-20 22:46:16
130,15,Current Address 15,Medium,2025-01-01,,True,RUN_2026_09_20_01,POSTGRES_OLTP,2026-09-20 22:46:16
131,16,Old Address 16,Low,2024-01-01,2025-01-01,False,RUN_2026_09_20_01,POSTGRES_OLTP,2026-09-20 22:46:16
132,16,Current Address 16,Low,2025-01-01,,True,RUN_2026_09_20_01,POSTGRES_OLTP,2026-09-20 22:46:16
133,17,Old Address 17,Low,2024-01-01,2025-01-01,False,RUN_2026_09_20_01,POSTGRES_OLTP,2026-09-20 22:46:16
134,17,Current Address 17,Low,2025-01-01,,True,RUN_2026_09_20_01,POSTGRES_OLTP,2026-09-20 22:46:16
135,18,Old Address 18,Medium,2024-01-01,2025-01-01,False,RUN_2026_09_20_01,POSTGRES_OLTP,2026-09-20 22:46:16
136,18,Current Address 18,Low,2025-01-01,,True,RUN_2026_09_20_01,POSTGRES_OLTP,2026-09-20 22:46:16
137,19,Old Address 19,Low,2024-01-01,2025-01-01,False,RUN_2026_09_20_01,POSTGRES_OLTP,2026-09-20 22:46:16
138,19,Current Address 19,Low,2025-01-01,,True,RUN_2026_09_20_01,POSTGRES_OLTP,2026-09-20 22:46:16
139,20,Old Address 20,Medium,2024-01-01,2025-01-01,False,RUN_2026_09_20_01,POSTGRES_OLTP,2026-09-20 22:46:16
140,20,Current Address 20,Low,2025-01-01,,True,RUN_2026_09_20_01,POSTGRES_OLTP,2026-09-20 22:46:16
141,21,Old Address 21,Low,2024-01-01,2025-01-01,False,RUN_2026_09_20_01,POSTGRES_OLTP,2026-09-20 22:46:16
142,21,Current Address 21,High,2025-01-01,,True,RUN_2026_09_20_01,POSTGRES_OLTP,2026-09-20 22:46:16
143,22,Old Address 22,Medium,2024-01-01,2025-01-01,False,RUN_2026_09_20_01,POSTGRES_OLTP,2026-09-20 22:46:16
144,22,Current Address 22,High,2025-01-01,,True,RUN_2026_09_20_01,POSTGRES_OLTP,2026-09-20 22:46:16
145,23,Old Address 23,Medium,2024-01-01,2025-01-01,False,RUN_2026_09_20_01,POSTGRES_OLTP,2026-09-20 22:46:16
146,23,Current Address 23,Low,2025-01-01,,True,RUN_2026_09_20_01,POSTGRES_OLTP,2026-09-20 22:46:16
147,24,Old Address 24,Medium,2024-01-01,2025-01-01,False,RUN_2026_09_20_01,POSTGRES_OLTP,2026-09-20 22:46:16
148,24,Current Address 24,Low,2025-01-01,,True,RUN_2026_09_20_01,POSTGRES_OLTP,2026-09-20 22:46:16
149,25,Old Address 25,Low,2024-01-01,2025-01-01,False,RUN_2026_09_20_01,POSTGRES_OLTP,2026-09-20 22:46:16
150,25,Current Address 25,Medium,2025-01-01,,True,RUN_2026_09_20_01,POSTGRES_OLTP,2026-09-20 22:46:16
151,26,Old Address 26,Low,2024-01-01,2025-01-01,False,RUN_2026_09_20_01,POSTGRES_OLTP,2026-09-20 22:46:16
152,26,Current Address 26,High,2025-01-01,,True,RUN_2026_09_20_01,POSTGRES_OLTP,2026-09-20 22:46:16
153,27,Old Address 27,Low,2024-01-01,2025-01-01,False,RUN_2026_09_20_01,POSTGRES_OLTP,2026-09-20 22:46:16
154,27,Current Address 27,Medium,2025-01-01,,True,RUN_2026_09_20_01,POSTGRES_OLTP,2026-09-20 22:46:16
155,28,Old Address 28,Low,2024-01-01,2025-01-01,False,RUN_2026_09_20_01,POSTGRES_OLTP,2026-09-20 22:46:16
156,28,Current Address 28,High,2025-01-01,,True,RUN_2026_09_20_01,POSTGRES_OLTP,2026-09-20 22:46:16
157,29,Old Address 29,Medium,2024-01-01,2025-01-01,False,RUN_2026_09_20_01,POSTGRES_OLTP,2026-09-20 22:46:16
158,29,Current Address 29,Low,2025-01-01,,True,RUN_2026_09_20_01,POSTGRES_OLTP,2026-09-20 22:46:16
159,30,Old Address 30,Low,2024-01-01,2025-01-01,False,RUN_2026_09_20_01,POSTGRES_OLTP,2026-09-20 22:46:16
160,30,Current Address 30,Low,2025-01-01,,True,RUN_2026_09_20_01,POSTGRES_OLTP,2026-09-20 22:46:16
161,31,Old Address 31,Medium,2024-01-01,2025-01-01,False,RUN_2026_09_20_01,POSTGRES_OLTP,2026-09-20 22:46:16
162,31,Current Address 31,Medium,2025-01-01,,True,RUN_2026_09_20_01,POSTGRES_OLTP,2026-09-20 22:46:16
163,32,Old Address 32,Low,2024-01-01,2025-01-01,False,RUN_2026_09_20_01,POSTGRES_OLTP,2026-09-20 22:46:16
164,32,Current Address 32,High,2025-01-01,,True,RUN_2026_09_20_01,POSTGRES_OLTP,2026-09-20 22:46:16
165,33,Old Address 33,Low,2024-01-01,2025-01-01,False,RUN_2026_09_20_01,POSTGRES_OLTP,2026-09-20 22:46:16
166,33,Current Address 33,Low,2025-01-01,,True,RUN_2026_09_20_01,POSTGRES_OLTP,2026-09-20 22:46:16
167,34,Old Address 34,Medium,2024-01-01,2025-01-01,False,RUN_2026_09_20_01,POSTGRES_OLTP,2026-09-20 22:46:16
168,34,Current Address 34,Medium,2025-01-01,,True,RUN_2026_09_20_01,POSTGRES_OLTP,2026-09-20 22:46:16
169,35,Old Address 35,Medium,2024-01-01,2025-01-01,False,RUN_2026_09_20_01,POSTGRES_OLTP,2026-09-20 22:46:16
170,35,Current Address 35,High,2025-01-01,,True,RUN_2026_09_20_01,POSTGRES_OLTP,2026-09-20 22:46:16
171,36,Old Address 36,Medium,2024-01-01,2025-01-01,False,RUN_2026_09_20_01,POSTGRES_OLTP,2026-09-20 22:46:16
172,36,Current Address 36,Medium,2025-01-01,,True,RUN_2026_09_20_01,POSTGRES_OLTP,2026-09-20 22:46:16
173,37,Old Address 37,Low,2024-01-01,2025-01-01,False,RUN_2026_09_20_01,POSTGRES_OLTP,2026-09-20 22:46:16
174,37,Current Address 37,High,2025-01-01,,True,RUN_2026_09_20_01,POSTGRES_OLTP,2026-09-20 22:46:16
175,38,Old Address 38,Low,2024-01-01,2025-01-01,False,RUN_2026_09_20_01,POSTGRES_OLTP,2026-09-20 22:46:16
176,38,Current Address 38,Medium,2025-01-01,,True,RUN_2026_09_20_01,POSTGRES_OLTP,2026-09-20 22:46:16
177,39,Old Address 39,Medium,2024-01-01,2025-01-01,False,RUN_2026_09_20_01,POSTGRES_OLTP,2026-09-20 22:46:16
178,39,Current Address 39,Medium,2025-01-01,,True,RUN_2026_09_20_01,POSTGRES_OLTP,2026-09-20 22:46:16
179,40,Old Address 40,Medium,2024-01-01,2025-01-01,False,RUN_2026_09_20_01,POSTGRES_OLTP,2026-09-20 22:46:16
180,40,Current Address 40,Low,2025-01-01,,True,RUN_2026_09_20_01,POSTGRES_OLTP,2026-09-20 22:46:16
181,41,Old Address 41,Low,2024-01-01,2025-01-01,False,RUN_2026_09_20_01,POSTGRES_OLTP,2026-09-20 22:46:16
182,41,Current Address 41,Medium,2025-01-01,,True,RUN_2026_09_20_01,POSTGRES_OLTP,2026-09-20 22:46:16
183,42,Old Address 42,Medium,2024-01-01,2025-01-01,False,RUN_2026_09_20_01,POSTGRES_OLTP,2026-09-20 22:46:16
184,42,Current Address 42,High,2025-01-01,,True,RUN_2026_09_20_01,POSTGRES_OLTP,2026-09-20 22:46:16
185,43,Old Address 43,Medium,2024-01-01,2025-01-01,False,RUN_2026_09_20_01,POSTGRES_OLTP,2026-09-20 22:46:16
186,43,Current Address 43,Low,2025-01-01,,True,RUN_2026_09_20_01,POSTGRES_OLTP,2026-09-20 22:46:16
187,44,Old Address 44,Medium,2024-01-01,2025-01-01,False,RUN_2026_09_20_01,POSTGRES_OLTP,2026-09-20 22:46:16
188,44,Current Address 44,Medium,2025-01-01,,True,RUN_2026_09_20_01,POSTGRES_OLTP,2026-09-20 22:46:16
189,45,Old Address 45,Low,2024-01-01,2025-01-01,False,RUN_2026_09_20_01,POSTGRES_OLTP,2026-09-20 22:46:16
190,45,Current Address 45,Low,2025-01-01,,True,RUN_2026_09_20_01,POSTGRES_OLTP,2026-09-20 22:46:16
191,46,Old Address 46,Low,2024-01-01,2025-01-01,False,RUN_2026_09_20_01,POSTGRES_OLTP,2026-09-20 22:46:16
192,46,Current Address 46,Low,2025-01-01,,True,RUN_2026_09_20_01,POSTGRES_OLTP,2026-09-20 22:46:16
193,47,Old Address 47,Medium,2024-01-01,2025-01-01,False,RUN_2026_09_20_01,POSTGRES_OLTP,2026-09-20 22:46:16
194,47,Current Address 47,Medium,2025-01-01,,True,RUN_2026_09_20_01,POSTGRES_OLTP,2026-09-20 22:46:16
195,48,Old Address 48,Low,2024-01-01,2025-01-01,False,RUN_2026_09_20_01,POSTGRES_OLTP,2026-09-20 22:46:16
196,48,Current Address 48,High,2025-01-01,,True,RUN_2026_09_20_01,POSTGRES_OLTP,2026-09-20 22:46:16
197,49,Old Address 49,Low,2024-01-01,2025-01-01,False,RUN_2026_09_20_01,POSTGRES_OLTP,2026-09-20 22:46:16
198,49,Current Address 49,Low,2025-01-01,,True,RUN_2026_09_20_01,POSTGRES_OLTP,2026-09-20 22:46:16
199,50,Old Address 50,Medium,2024-01-01,2025-01-01,False,RUN_2026_09_20_01,POSTGRES_OLTP,2026-09-20 22:46:16
200,50,Current Address 50,High,2025-01-01,,True,RUN_2026_09_20_01,POSTGRES_OLTP,2026-09-20 22:46:16
