date_key,full_date,year,quarter,month,day,day_of_week,is_weekend,load_run_id,source_system,processed_at
20260901,2026-09-01,2026,3,9,1,Tuesday,False,RUN_2026_09_20_01,POSTGRES_OLTP,2026-09-20 22:46:16
20260902,2026-09-02,2026,3,9,2,Wednesday,False,RUN_2026_09_20_01,POSTGRES_OLTP,2026-09-20 22:46:16
20260903,2026-09-03,2026,3,9,3,Thursday,False,RUN_2026_09_20_01,POSTGRES_OLTP,2026-09-20 22:46:16
20260904,2026-09-04,2026,3,9,4,Friday,False,RUN_2026_09_20_01,POSTGRES_OLTP,2026-09-20 22:46:16
20260905,2026-09-05,2026,3,9,5,Saturday,True,RUN_2026_09_20_01,POSTGRES_OLTP,2026-09-20 22:46:16
20260906,2026-09-06,2026,3,9,6,Sunday,True,RUN_2026_09_20_01,POSTGRES_OLTP,2026-09-20 22:46:16
20260907,2026-09-07,2026,3,9,7,Monday,False,RUN_2026_09_20_01,POSTGRES_OLTP,2026-09-20 22:46:16
20260908,2026-09-08,2026,3,9,8,Tuesday,False,RUN_2026_09_20_01,POSTGRES_OLTP,2026-09-20 22:46:16
20260909,2026-09-09,2026,3,9,9,Wednesday,False,RUN_2026_09_20_01,POSTGRES_OLTP,2026-09-20 22:46:16
20260910,2026-09-10,2026,3,9,10,Thursday,False,RUN_2026_09_20_01,POSTGRES_OLTP,2026-09-20 22:46:16
20260911,2026-09-11,2026,3,9,11,Friday,False,RUN_2026_09_20_01,POSTGRES_OLTP,2026-09-20 22:46:16
20260912,2026-09-12,2026,3,9,12,Saturday,True,RUN_2026_09_20_01,POSTGRES_OLTP,2026-09-20 22:46:16
20260913,2026-09-13,2026,3,9,13,Sunday,True,RUN_2026_09_20_01,POSTGRES_OLTP,2026-09-20 22:46:16
20260914,2026-09-14,2026,3,9,14,Monday,False,RUN_2026_09_20_01,POSTGRES_OLTP,2026-09-20 22:46:16
20260915,2026-09-15,2026,3,9,15,Tuesday,False,RUN_2026_09_20_01,POSTGRES_OLTP,2026-09-20 22:46:16
20260916,2026-09-16,2026,3,9,16,Wednesday,False,RUN_2026_09_20_01,POSTGRES_OLTP,2026-09-20 22:46:16
20260917,2026-09-17,2026,3,9,17,Thursday,False,RUN_2026_09_20_01,POSTGRES_OLTP,2026-09-20 22:46:16
20260918,2026-09-18,2026,3,9,18,Friday,False,RUN_2026_09_20_01,POSTGRES_OLTP,2026-09-20 22:46:16
20260919,2026-09-19,2026,3,9,19,Saturday,True,RUN_2026_09_20_01,POSTGRES_OLTP,2026-09-20 22:46:16
20260920,2026-09-20,2026,3,9,20,Sunday,True,RUN_2026_09_20_01,POSTGRES_OLTP,2026-09-20 22:46:16
20260921,2026-09-21,2026,3,9,21,Monday,False,RUN_2026_09_20_01,POSTGRES_OLTP,2026-09-20 22:46:16
20260922,2026-09-22,2026,3,9,22,Tuesday,False,RUN_2026_09_20_01,POSTGRES_OLTP,2026-09-20 22:46:16
20260923,2026-09-23,2026,3,9,23,Wednesday,False,RUN_2026_09_20_01,POSTGRES_OLTP,2026-09-20 22:46:16
20260924,2026-09-24,2026,3,9,24,Thursday,False,RUN_2026_09_20_01,POSTGRES_OLTP,2026-09-20 22:46:16
20260925,2026-09-25,2026,3,9,25,Friday,False,RUN_2026_09_20_01,POSTGRES_OLTP,2026-09-20 22:46:16
20260926,2026-09-26,2026,3,9,26,Saturday,True,RUN_2026_09_20_01,POSTGRES_OLTP,2026-09-20 22:46:16
20260927,2026-09-27,2026,3,9,27,Sunday,True,RUN_2026_09_20_01,POSTGRES_OLTP,2026-09-20 22:46:16
20260928,2026-09-28,2026,3,9,28,Monday,False,RUN_2026_09_20_01,POSTGRES_OLTP,2026-09-20 22:46:16
20260929,2026-09-29,2026,3,9,29,Tuesday,False,RUN_2026_09_20_01,POSTGRES_OLTP,2026-09-20 22:46:16
20260930,2026-09-30,2026,3,9,30,Wednesday,False,RUN_2026_09_20_01,POSTGRES_OLTP,2026-09-20 22:46:16
