loan_id,account_id,start_date_key,end_date_key,loan_amount,status,load_run_id,source_system,processed_at
501,1069,20260901,20260925,6258.08,Active,RUN_2026_09_20_01,POSTGRES_OLTP,2026-09-20 22:46:16
502,1065,20260901,20260925,19760.44,Closed,RUN_2026_09_20_01,POSTGRES_OLTP,2026-09-20 22:46:16
503,1039,20260901,20260925,13605.56,Active,RUN_2026_09_20_01,POSTGRES_OLTP,2026-09-20 22:46:16
504,1058,20260901,20260925,14339.61,Active,RUN_2026_09_20_01,POSTGRES_OLTP,2026-09-20 22:46:16
505,1007,20260901,20260925,5487.7,Active,RUN_2026_09_20_01,POSTGRES_OLTP,2026-09-20 22:46:16
506,1079,20260901,20260925,17165.03,Closed,RUN_2026_09_20_01,POSTGRES_OLTP,2026-09-20 22:46:16
507,1086,20260901,20260925,12864.19,Closed,RUN_2026_09_20_01,POSTGRES_OLTP,2026-09-20 22:46:16
508,1053,20260901,20260925,15544.65,Closed,RUN_2026_09_20_01,POSTGRES_OLTP,2026-09-20 22:46:16
509,1022,20260901,20260925,8520.93,Active,RUN_2026_09_20_01,POSTGRES_OLTP,2026-09-20 22:46:16
510,1084,20260901,20260925,10513.5,Closed,RUN_2026_09_20_01,POSTGRES_OLTP,2026-09-20 22:46:16
511,1093,20260901,20260925,12842.81,Closed,RUN_2026_09_20_01,POSTGRES_OLTP,2026-09-20 22:46:16
512,1061,20260901,20260925,17291.0,Active,RUN_2026_09_20_01,POSTGRES_OLTP,2026-09-20 22:46:16
513,1014,20260901,20260925,18671.33,Active,RUN_2026_09_20_01,POSTGRES_OLTP,2026-09-20 22:46:16
514,1055,20260901,20260925,14976.63,Closed,RUN_2026_09_20_01,POSTGRES_OLTP,2026-09-20 22:46:16
515,1056,20260901,20260925,17920.03,Active,RUN_2026_09_20_01,POSTGRES_OLTP,2026-09-20 22:46:16
516,1031,20260901,20260925,4383.06,Active,RUN_2026_09_20_01,POSTGRES_OLTP,2026-09-20 22:46:16
517,1092,20260901,20260925,16657.86,Active,RUN_2026_09_20_01,POSTGRES_OLTP,2026-09-20 22:46:16
518,1014,20260901,20260925,10958.81,Closed,RUN_2026_09_20_01,POSTGRES_OLTP,2026-09-20 22:46:16
519,1048,20260901,20260925,15274.6,Active,RUN_2026_09_20_01,POSTGRES_OLTP,2026-09-20 22:46:16
520,1019,20260901,20260925,3082.71,Active,RUN_2026_09_20_01,POSTGRES_OLTP,2026-09-20 22:46:16
